회사명,공고 내용,채용공고 URL,마감기한
에스케이쉴더스(주),생성형AI 활용 사이버보안 채용연계형 모집,https://www.saramin.co.kr/zf_user/jobs/relay/view?view_type=public-recruit&rec_idx=50479727,~05.20(화)
(주)다우기술,다우기술 경력•신입 대규모 인재영입,https://www.saramin.co.kr/zf_user/jobs/relay/view?view_type=public-recruit&rec_idx=50473923,~04.21(월)
롯데렌탈(주),[롯데렌탈] 경력사원 모집 (웹개발),https://www.saramin.co.kr/zf_user/jobs/relay/view?view_type=public-recruit&rec_idx=50469971,~04.20(일)
한국과학기술정보연구원,2025년 2분기 청년인턴(체험형 인턴),https://www.saramin.co.kr/zf_user/jobs/relay/view?view_type=public-recruit&rec_idx=50469294,~04.21(월)
(주)에프엠커뮤니케이션즈,2025 에프엠커뮤니케이션즈 상반기 공개채용,https://www.saramin.co.kr/zf_user/jobs/relay/view?view_type=public-recruit&rec_idx=50463576,~04.27(일)
에스지에이(주),[SGA그룹] 신입/경력 정규직 채용,https://www.saramin.co.kr/zf_user/jobs/relay/view?view_type=public-recruit&rec_idx=50463295,~04.30(수)
(주)하나로티앤에스,2025년 로지스밸리그룹 하나로TNS 항공수입그룹 채용,https://www.saramin.co.kr/zf_user/jobs/relay/view?view_type=public-recruit&rec_idx=50463042,~04.30(수)
(주)인피닉,[인피닉] 인공지능 연구소 AI서비스실 Frontend팀 개발자 채용,https://www.saramin.co.kr/zf_user/jobs/relay/view?view_type=public-recruit&rec_idx=50460863,~05.09(금)
동원산업(주),2025년 상반기 동원그룹 신입사원 모집,https://www.saramin.co.kr/zf_user/jobs/relay/view?view_type=public-recruit&rec_idx=50459085&adsCategoryItem=effect_bold&,~04.30(수)
(주)케이뱅크,[Tech] 채용연계형 인턴십,https://www.saramin.co.kr/zf_user/jobs/relay/view?view_type=public-recruit&rec_idx=50458728,~04.21(월)
한국과학기술정보연구원,2025년 2분기 청년인턴(체험형 인턴_슈퍼컴퓨팅가속화),https://www.saramin.co.kr/zf_user/jobs/relay/view?view_type=public-recruit&rec_idx=50458197,~04.21(월)
(주)프레쉬테크,웹&앱 개발자 모심.,https://www.saramin.co.kr/zf_user/jobs/relay/view?view_type=public-recruit&rec_idx=50456906,~06.08(일)
(주)케이뱅크,[Tech] 채용연계형 인턴십(백엔드 개발),https://www.saramin.co.kr/zf_user/jobs/relay/view?view_type=public-recruit&rec_idx=50456427,~04.21(월)
(주)케이뱅크,[Tech] 채용연계형 인턴십(프론트엔드 개발),https://www.saramin.co.kr/zf_user/jobs/relay/view?view_type=public-recruit&rec_idx=50456419,~04.21(월)
엘에스오토모티브테크놀로지스(주),2025년 4월 각 부문 신입/경력 수시채용,https://www.saramin.co.kr/zf_user/jobs/relay/view?view_type=public-recruit&rec_idx=50443803,~04.20(일)
한국소프트웨어산업협회,사무국 직원 채용,https://www.saramin.co.kr/zf_user/jobs/relay/view?view_type=public-recruit&rec_idx=50443718&adsCategoryItem=effect_bold&,D-6
(주)에이치비엠피,[인턴] 프론트엔드 개발자,https://www.saramin.co.kr/zf_user/jobs/relay/view?view_type=public-recruit&rec_idx=50443629,~05.08(목)
팀스파르타(주),Fullstack Engineer Intern,https://www.saramin.co.kr/zf_user/jobs/relay/view?view_type=public-recruit&rec_idx=50443035,D-3
(주)테솔로,로봇/로보틱스 S/W 엔지니어 모집(인턴/신입/경력/전문연구요원),https://www.saramin.co.kr/zf_user/jobs/relay/view?view_type=public-recruit&rec_idx=50442969,~05.08(목)
코오롱인더스트리(주),2025년 코오롱인더스트리 경력사원 상반기 공개채용,https://www.saramin.co.kr/zf_user/jobs/relay/view?view_type=public-recruit&rec_idx=50442896,~04.22(화)
